,PC1,PC2,PC3,PC4
Alabama,0.975660448333606,1.1220012104334112,0.4398036612853065,0.15469658098914607
Alaska,1.9305378785136835,1.0624269195344451,-2.0195002664631265,-0.43417545430389487
Arizona,1.7454428533905992,-0.7384595372849991,-0.054230249304145,-0.8262642398016141
Arkansas,-0.13999894434859436,1.108542259505911,-0.11342216823712746,-0.18097355422113953
California,2.498612848258581,-1.5274267208247936,-0.5925409998227344,-0.3385592400160123
Colorado,1.4993407374655239,-0.9776296565249837,-1.0840016173010212,0.0014501641733151932
Connecticut,-1.344992364946849,-1.077983615226032,0.6367925045574584,-0.11727873645334694
Delaware,0.04722980634689516,-0.3220889026605654,0.7114103174769044,-0.8731133153974079
Florida,2.9827596698505285,0.038834246859399714,0.5710320633843438,-0.09531704152261715
Georgia,1.6228074182227468,1.2660883840552661,0.33901818244125376,1.0659744588473021
Hawaii,-0.903484479467485,-1.5546760937371962,-0.050271510185058765,0.8937331978750694
Idaho,-1.6233190333549075,0.20885253273339788,-0.25719020709408785,-0.49408785159678403
Illinois,1.3650519734476367,-0.6749883397629852,0.6706864666884292,-0.12079491586292848
Indiana,-0.5003812184673616,-0.15003926151727054,-0.22576277168534206,0.42039759509373686
Iowa,-2.230995785560024,-0.1030082764061217,-0.16291036068987802,0.0173794698618797
Kansas,-0.7888720624575064,-0.26744941274228984,-0.02529648353380148,0.20442103401250772
Kentucky,-0.7433125605025749,0.9488074761931823,0.028084289973801857,0.6638172373874953
Louisiana,1.5490907634214195,0.8623001147465386,0.7756059839026641,0.4501577911600937
Maine,-2.372740138111474,0.372608650017809,0.06502224516478745,-0.3271385286520245
Maryland,1.745646633314265,0.42335704082903075,0.15566968377798954,-0.5534505893294077
Massachusetts,-0.48128007004107537,-1.4596770604989309,0.6033717174328994,-0.1777939020989256
Michigan,2.087250248902095,-0.15383500211475154,-0.3810004598488485,0.10134312792246691
Minnesota,-1.6756695050968442,-0.6259067048852622,-0.15153199900879824,0.06664031618625124
Mississippi,0.9864791853362929,2.369737124906747,0.733362895630955,0.2133420486157559
Missouri,0.6897842639943723,-0.26070794134726233,-0.3736503252945249,0.22355481098436564
Montana,-1.173537513969266,0.5314785122670812,-0.2444079584387908,0.12249855482402269
Nebraska,-1.2529162530451285,-0.19200439646708167,-0.1738092997748263,0.0157331562329186
Nevada,2.84550541798477,-0.7678050213538234,-1.1516879316726327,0.31135443606152685
New Hampshire,-2.359955852109804,-0.017900553527080178,-0.03648497780305761,-0.03280429056217976
New Jersey,0.17974127831177378,-1.4349374455975779,0.756770405899406,0.24093658013600935
New Mexico,1.9601235131682242,0.14141307772202663,-0.18184598009832992,-0.3361211126601713
New York,1.6656666217224794,-0.8149107245170952,0.6366118627055645,-0.013348844151054728
North Carolina,1.1120880825676012,2.2056108144592677,0.8548924538211946,-0.9447896484903573
North Dakota,-2.962152232506907,0.5930973769175419,-0.2982492956790236,-0.25143462606619976
Ohio,-0.223694355497656,-0.7347783670247324,0.030826157580254244,0.46915281651922636
Oklahoma,-0.30864927945471465,-0.28496112516796335,0.015155920990666854,0.010228475725705757
Oregon,0.058527869981130395,-0.5359699945368163,-0.9303871795611903,-0.23539087176867696
Pennsylvania,-0.8794867951994906,-0.5653605046070165,0.39660218459394,0.35545237766665666
Rhode Island,-0.8550907170076966,-1.4769832840952606,1.3561770496563732,-0.6074027463330838
South Carolina,1.3074498608537148,1.913972966720079,0.2975172326618831,-0.13014537791502165
South Dakota,-1.967796693686994,0.8150682245643801,-0.38538073399022804,-0.10847051233123257
Tennessee,0.9896937743255937,0.8516053434826721,-0.18619262011197552,0.6463026740615029
Texas,1.3415183816678153,-0.40833517796994795,0.4871233168123407,0.6367310508801601
Utah,-0.545031802555006,-1.4567152419227574,-0.2907759212762248,-0.08148674917430822
Vermont,-2.7732561335497175,1.3881943501900356,-0.8328079741627816,-0.14343369671514267
Virginia,-0.09536669660002137,0.19772784835329882,-0.01159482486063285,0.20924642949695577
Washington,-0.2147233898343467,-0.9603739438193805,-0.6185906685663753,-0.2186281609058376
West Virginia,-2.0873930566766115,1.4105262721844647,-0.10372163264993678,0.13058308014500447
Wisconsin,-2.0588119884796594,-0.6051250651368582,0.13746933413603596,0.18225340720031405
Wyoming,-0.6231006068536141,0.3177866246008617,0.23824048654000637,-0.16497686573002535
