,Murder,Assault,UrbanPop,Rape
Alabama,5.411999999999999,65.24000000000001,-7.540000000000006,-0.03199999999999292
Alaska,2.2119999999999997,92.24000000000001,-17.540000000000006,23.268000000000008
Arizona,0.3119999999999994,123.24000000000001,14.459999999999994,9.768000000000008
Arkansas,1.0120000000000005,19.24000000000001,-15.540000000000006,-1.7319999999999922
California,1.2119999999999997,105.24000000000001,25.459999999999994,19.36800000000001
Colorado,0.1120000000000001,33.24000000000001,12.459999999999994,17.46800000000001
Connecticut,-4.488,-60.75999999999999,11.459999999999994,-10.131999999999993
Delaware,-1.888,67.24000000000001,6.459999999999994,-5.4319999999999915
Florida,7.612,164.24,14.459999999999994,10.668000000000006
Georgia,9.611999999999998,40.24000000000001,-5.540000000000006,4.5680000000000085
Hawaii,-2.4880000000000004,-124.75999999999999,17.459999999999994,-1.031999999999993
Idaho,-5.188000000000001,-50.75999999999999,-11.540000000000006,-7.031999999999993
Illinois,2.612,78.24000000000001,17.459999999999994,2.768000000000008
Indiana,-0.5880000000000001,-57.75999999999999,-0.5400000000000063,-0.2319999999999922
Iowa,-5.588,-114.75999999999999,-8.540000000000006,-9.931999999999992
Kansas,-1.7880000000000003,-55.75999999999999,0.45999999999999375,-3.231999999999992
Kentucky,1.911999999999999,-61.75999999999999,-13.540000000000006,-4.9319999999999915
Louisiana,7.612,78.24000000000001,0.45999999999999375,0.9680000000000071
Maine,-5.688000000000001,-87.75999999999999,-14.540000000000006,-13.431999999999992
Maryland,3.5120000000000005,129.24,1.4599999999999937,6.5680000000000085
Massachusetts,-3.388,-21.75999999999999,19.459999999999994,-4.9319999999999915
Michigan,4.311999999999999,84.24000000000001,8.459999999999994,13.86800000000001
Minnesota,-5.088,-98.75999999999999,0.45999999999999375,-6.331999999999992
Mississippi,8.312000000000001,88.24000000000001,-21.540000000000006,-4.131999999999991
Missouri,1.2119999999999997,7.240000000000009,4.459999999999994,6.968000000000007
Montana,-1.7880000000000003,-61.75999999999999,-12.540000000000006,-4.831999999999994
Nebraska,-3.4880000000000004,-68.75999999999999,-3.5400000000000063,-4.731999999999992
Nevada,4.411999999999999,81.24000000000001,15.459999999999994,24.768000000000008
New Hampshire,-5.688000000000001,-113.75999999999999,-9.540000000000006,-11.731999999999992
New Jersey,-0.3879999999999999,-11.759999999999991,23.459999999999994,-2.4319999999999915
New Mexico,3.612,114.24000000000001,4.459999999999994,10.86800000000001
New York,3.3119999999999994,83.24000000000001,20.459999999999994,4.868000000000009
North Carolina,5.212,166.24,-20.540000000000006,-5.131999999999991
North Dakota,-6.988,-125.75999999999999,-21.540000000000006,-13.931999999999992
Ohio,-0.48800000000000043,-50.75999999999999,9.459999999999994,0.16800000000000637
Oklahoma,-1.1880000000000006,-19.75999999999999,2.4599999999999937,-1.2319999999999922
Oregon,-2.888,-11.759999999999991,1.4599999999999937,8.068000000000008
Pennsylvania,-1.4880000000000004,-64.75999999999999,6.459999999999994,-6.331999999999992
Rhode Island,-4.388,3.240000000000009,21.459999999999994,-12.931999999999992
South Carolina,6.612,108.24000000000001,-17.540000000000006,1.2680000000000078
South Dakota,-3.9880000000000004,-84.75999999999999,-20.540000000000006,-8.431999999999992
Tennessee,5.411999999999999,17.24000000000001,-6.540000000000006,5.668000000000006
Texas,4.911999999999999,30.24000000000001,14.459999999999994,4.268000000000008
Utah,-4.588,-50.75999999999999,14.459999999999994,1.6680000000000064
Vermont,-5.588,-122.75999999999999,-33.540000000000006,-10.031999999999993
Virginia,0.7119999999999997,-14.759999999999991,-2.5400000000000063,-0.5319999999999929
Washington,-3.7880000000000003,-25.75999999999999,7.459999999999994,4.968000000000007
West Virginia,-2.088,-89.75999999999999,-26.540000000000006,-11.931999999999992
Wisconsin,-5.188000000000001,-117.75999999999999,0.45999999999999375,-10.431999999999992
Wyoming,-0.9880000000000004,-9.759999999999991,-5.540000000000006,-5.631999999999993
